{
  "logistic_regression": {
    "accuracy": 0.75,
    "precision": 0.7931034482758621,
    "recall": 0.6764705882352942,
    "f1": 0.7301587301587301,
    "roc_auc": 0.8910034602076125
  },
  "random_forest": {
    "accuracy": 0.8235294117647058,
    "precision": 0.8928571428571429,
    "recall": 0.7352941176470589,
    "f1": 0.8064516129032258,
    "roc_auc": 0.8979238754325259
  }
}